vehicle,fm,Mileage,lh,lc,mc,State
1,0,863,1.1,66.3,697.23,MS
2,10,4644,2.4,233.03,119.66,CA
3,15,16330,4.2,325.08,175.46,WI
4,0,13,1,66.64,0,OR
5,13,22537,4.5,328.66,175.46,AZ
6,21,40931,3.1,205.28,175.46,FL
7,11,34762,0.7,49.17,145.2,LA
8,5,11051,2.9,208.8,270.04,GA
9,8,7003,3.4,212.06,119.66,WA
10,1,11,0.7,44.43,0,
11,17,24879,3.5,260.29,119.66,TX
12,3,5339,3.2,236.93,440.13,LA
13,14,29782,10,695.1,228.12,FL
14,19,56111,2,116,183.31,OH
15,13,21946,3.8,312.36,175.46,MA
16,8,3101,3.1,220.61,119.66,VA
17,15,41965,0.9,66.25,119.66,OH
18,3,15365,2,158.94,175.46,CO
19,12,NA,4.9,319.51,119.66,FL
20,8,NA,1.4,87.42,1.85,NH
21,18,29987,2.6,182.17,128.21,IN
22,11,20694,2.3,194.48,119.66,CA
23,16,20879,0.2,10.57,0,MT
24,20,17503,4.1,308.6,119.66,NY
25,17,24568,4.8,373.44,119.66,TX
26,11,14400,2.1,145.79,119.66,UT
27,18,12220,0.8,66.93,119.66,MA
28,8,14319,1.9,141.1,119.66,VA
29,0,5,0.5,34.01,8.23,MA
30,10,34644,4.7,341.22,119.66,FL
31,17,24719,2.4,147.98,119.66,NY
32,4,13259,2.5,170.77,119.66,VA
33,6,12424,1.7,148.6,145.3,NJ
34,5,7702,2.7,165.97,323.31,MI
35,0,10,3,176.18,118.47,NY
36,9,15017,3.7,286.01,119.66,UT
37,17,19489,0.5,37.53,0,MA
38,7,5461,0.8,55.67,119.66,MN
39,5,11912,9.5,543.49,119.66,WI
40,8,20370,0.7,56.6,128.21,IL
41,4,3879,1.8,122.25,175.46,CA
42,17,20831,1.3,107.21,119.66,CT
43,3,4417,4.9,365.68,119.66,MN
44,6,6781,0.8,47.6,119.66,SC
45,4,6244,3.3,267.3,204.95,CA
46,22,41053,4,286.91,119.66,NC
47,13,7987,4,364.38,119.66,MA
48,15,13394,4.1,325.92,171.04,CA
49,6,7219,4.5,314.4,0,OH
50,1,1723,1.9,128.09,119.66,TX
51,3,2855,0.9,59.07,119.66,PA
52,15,17635,0.7,53.72,119.66,LA
53,19,14796,16.4,1268.21,276.5,NM
54,15,28904,1.4,93.68,119.66,ME
55,14,48247,2.9,196.37,369.16,TX
56,13,90325,0.8,50.85,119.66,MS
57,13,22603,2.6,166.55,118.47,SD
58,13,20740,4.2,295.94,181.93,FL
59,12,24008,4.1,255.84,119.66,NM
60,15,44338,0.8,55.53,175.46,ID
61,2,2424,1.8,129.41,119.66,TX
62,9,65383,15.4,1051.68,1193.46,TX
63,1,1659,1.6,97.29,119.66,TN
64,13,28305,1.3,107.1,175.46,CA
65,1,487,1.4,89.73,0,NE
66,19,42846,1.4,NA,128.21,GA
67,1,1776,1.3,NA,119.66,OH
68,22,28630,0.4,NA,119.66,NA
69,21,49185,3.8,NA,119.66,NA
70,10,22389,5.9,NA,119.66,FL
71,8,80064,3.9,NA,175.46,CA
72,4,14587,3.1,NA,125.68,SC
73,16,36876,7.1,NA,119.66,CA
74,11,33459,0,0,0,FL
75,2,4907,8.7,693.23,340.74,MO
76,9,30838,9,659.88,671.75,FL
77,0,4,1.5,117.41,0,GA
78,14,10481,1.5,110.4,119.66,VA
79,7,7863,1.2,95.48,119.66,MD
80,19,33146,2.6,205.42,119.66,LA
81,9,26962,2.6,207.18,119.66,MO
82,10,33543,3.5,287.7,175.46,MN
83,15,32672,5.2,413.92,311.89,MO
84,0,23,2.2,144.28,185.96,GA
85,8,14978,3.7,247.77,400.89,NY
86,11,7874,1.3,102.57,404.78,WA
87,7,12387,2.6,207.04,206.14,UT
88,13,62676,3.9,241.29,119.66,TX
89,0,14,3,202,118.36,AL
90,18,46505,3.2,229.02,119.66,FL
91,11,13359,2.4,164.4,119.66,CO
92,3,16054,1.3,77.92,358.93,IA
93,21,37693,14.3,871.43,401.1,MS
94,18,32320,2.6,206.4,119.66,SC
95,11,11558,1.4,121.71,119.66,CA
96,10,14951,3.5,224.24,119.66,TX
97,15,19145,7,531.26,180.29,AZ
98,2,6060,3.9,318.96,119.66,WA
99,0,235,1.3,76.55,118.36,OK
100,16,22157,3.1,225.37,128.21,GA
101,2,2841,0.7,46.62,125.29,TX
102,4,7104,1.9,142.64,119.66,TX
103,15,54704,5.9,392.47,119.66,FL
104,8,6682,3.7,245.15,0,IN
105,7,13062,4,245.46,119.66,FL
106,22,33096,2.9,244.35,162.05,FL
107,15,48917,7.2,520.37,175.46,OH
108,15,16559,1.5,103.4,119.66,TN
109,1,2702,4.8,283.98,379.53,MO
110,3,20309,6.8,514.19,175.46,TX
111,5,8476,4.8,312.99,119.66,FL
112,10,35021,1.4,74.57,119.66,SC
113,12,11959,2.7,218.94,12.71,AZ
114,9,18862,3.5,229.73,119.66,PA
115,11,22210,1.1,73.55,0,MI
116,4,17580,2.4,141.6,128.21,GA
117,14,17261,2.3,159.66,320.89,TX
118,8,16987,5.3,392.04,217.75,CT
119,5,30701,5.6,429.92,773.99,MI
120,20,43954,3.2,221.44,175.46,TX
121,10,14632,2,120.67,119.66,TN
122,15,20634,0.7,37.86,165.83,GA
123,9,22807,1.4,82.68,119.66,MN
124,5,13130,3,213.9,174.89,KS
125,9,5066,3.9,256.47,119.66,TX
126,15,17636,1,64.86,184.69,AL
127,9,14319,4.4,280.64,119.66,FL
128,16,28544,1.7,126.62,0,TX
129,14,42053,4.7,373.21,119.66,TX
130,18,32262,0.5,34.7,119.66,SC
131,20,63877,2,149.36,119.66,MA
132,19,20970,1.8,141.11,119.66,TX
133,12,11586,2.4,158.63,119.66,KS
134,5,9377,4.5,308.22,119.66,CO
135,7,17500,3.9,299.34,119.66,AZ
136,0,10,0.8,54.11,0,CA
137,13,23723,2,133.65,175.46,TX
138,18,23882,5.3,453.59,0,CA
139,8,25089,4.8,365.6,175.45,TX
140,12,34795,4.6,391,338.48,CO
141,16,51253,0,0,0,IN
142,1,574,1.9,151.29,119.66,NA
143,14,41967,3.3,232.21,119.66,NA
144,2,2016,1.5,106.44,175.45,NA
145,9,7065,2.4,169.52,119.66,NA
146,8,15047,5.3,453.59,119.66,NA
147,1,515,10.4,813.1,276.89,NA
148,4,6645,1.7,124.54,119.66,OR
149,2,2965,1.3,89.46,119.66,OH
150,6,17642,3.5,297.5,426.67,CO
151,16,58110,5.6,353.55,119.66,TX
152,9,35616,0.7,46.84,133.32,TX
153,0,178,2,157.8,9.55,TX
154,18,35299,2.3,172.8,119.66,OK
155,11,64935,4.8,351.88,486.54,FL
156,13,26224,4.1,261.51,119.66,FL
157,11,23614,1.6,140.21,119.66,MN
158,12,42660,0.7,37.8,126.04,MO
159,14,50039,1.1,71.61,160.19,OH
160,16,17156,4.2,372.54,128.21,IL
161,7,24984,4.8,310.24,119.66,TX
162,9,40878,8.6,425.87,1004.68,AR
163,3,15975,1.3,99.14,8.11,NY
164,9,27850,3.3,231,175.46,OH
165,14,25922,1.5,121.01,201.7,PA
166,13,27483,0.7,42.98,128.21,GA
167,5,33287,3.8,243.2,119.66,FL
168,15,45045,1,59.62,119.66,NC
169,7,15843,10.2,519.81,169.34,TN
170,18,31253,3.4,287.08,119.66,CO
171,19,32189,5.2,418.74,175.46,AZ
172,5,24654,2.5,175.56,119.66,LA
173,1,5512,1.6,106.44,119.66,TN
174,9,30053,3.6,304.42,119.66,CA
175,8,75554,4.3,273.34,128.21,GA
176,8,4287,3,222.59,404.78,FL
177,4,5365,2.2,128.01,118.47,MI
178,10,17204,1.2,78.92,137.55,TX
179,1,2402,4.1,334.18,203.14,CO
180,8,23937,5.2,317,261.94,TX
181,11,29004,0.9,51.45,119.66,TN
182,11,31319,1.1,90.72,0,CT
183,2,2943,5.9,359.66,119.66,TX
184,6,8096,9.2,957.81,149.45,CA
185,12,27223,2.6,208,119.66,MO
186,14,28145,0.8,50.19,128.21,IL
187,17,29406,4,293.21,175.46,LA
188,9,11418,5,376.64,206.14,FL
189,12,45366,6.9,529.27,175.46,TX
190,19,24244,1.6,125.48,0,MN
191,18,43203,8.5,526.15,207.87,TN
192,8,32021,7.4,575.72,317.72,TX
193,3,3526,3.2,233.57,119.66,LA
194,15,65090,2.9,188.99,175.46,TX
195,0,362,5,340.5,118.36,OH
196,9,50146,1.7,117.47,119.66,MI
197,10,55273,2.1,145.11,175.46,MI
198,8,51431,2.1,165.91,119.66,OR
199,2,4406,5.6,421.28,188,GA
200,16,28085,1.1,92.87,0,CA
201,12,21189,1.3,105.64,119.66,CA
202,10,16189,4.4,294.8,119.66,TX
203,3,12841,0,0,0,SC
204,11,19143,5.5,470.71,259.76,CA
205,13,38255,9,628.93,421.41,OR
206,14,35191,1.5,118.51,175.46,MO
207,7,19740,9,655.2,905.76,TX
208,11,7729,1.6,116.17,119.66,OH
209,16,49572,1,50.4,284.02,MT
210,11,27623,1.7,117.91,206.14,LA
211,1,850,2.6,146.14,400.38,TX
212,20,33874,2.4,194.63,119.66,FL
213,14,21610,3.5,171.56,119.66,OH
214,6,9419,0,0,0,VA
215,11,16760,0.9,61.2,119.66,TX
216,17,37918,3.3,224.09,128.21,IN
217,13,6321,4.2,413.68,161.96,NJ
218,15,13369,3.8,308.16,596.59,CA
219,9,28141,4.9,382.77,369.16,TX
220,14,19928,2.9,214.85,175.46,TN
221,15,35989,12.3,863.7,433.77,TX
222,7,23570,0.8,58.75,175.46,NC
223,10,28399,0.7,54.53,123.72,NY
224,4,23172,6.9,394.11,1255.49,TX
225,17,38149,14.6,885.34,2800.19,GA
226,19,17879,1.7,121.2,175.46,FL
227,8,8847,2.8,203.35,119.66,ID
228,20,44797,1.4,103.78,128.21,IL
229,8,51948,6.4,407.57,718.72,NC
230,8,9085,1,67.7,119.66,OH
231,8,12276,4.9,292.89,119.66,TX
232,13,67446,5,386.97,471.7,TX
233,21,7465,2.6,193.11,119.66,CO
234,17,5988,3.6,227.88,119.66,AZ
235,18,11251,4.3,273.34,128.21,GA
236,3,2921,8.7,530.27,118.36,TX
237,12,42810,2.3,172.85,127.11,FL
238,11,17437,1.2,83.11,175.46,KY
239,3,7476,1.9,118.6,118.36,KS
240,7,20895,6.8,533.37,235.66,CO
241,4,40281,0.2,11.84,128.21,GA
242,12,26527,3.3,223.46,119.66,TX
243,5,16420,0.5,28.5,119.66,MI
244,4,21607,0,0,0,AL
245,12,11700,1.4,99.91,128.21,IN
246,19,45544,5.6,410.9,181.93,TX
247,0,641,0.7,48.55,119.66,LA
248,18,65844,5,387.81,119.66,FL
249,1,277,5,321.05,0,FL
250,14,14911,2.6,160.25,119.66,NC
251,18,17895,3.1,230.67,119.66,FL
252,0,11,2.4,204.15,0,CA
253,1,NA,1.4,89.89,119.66,FL
254,7,NA,1.7,117.99,128.21,IN
255,20,NA,5.4,405.7,1218.63,NC
256,10,NA,1.3,94.51,128.21,GA
257,11,62086,0,0,0,TX
258,7,25622,2.4,168.55,175.46,LA
259,7,64157,1.1,86.32,119.66,CA
260,14,16749,2.6,203.84,128.21,GA
261,11,25054,2.3,164.61,119.66,TX
262,12,31716,2.3,196.62,119.66,CA
263,10,57945,1,72.7,220.87,GA
264,3,8622,5.5,335.29,175.46,TX
265,12,31558,2.9,230.27,175.46,TX
266,18,3,3.6,234.74,119.66,FL
267,14,98508,2.1,137.91,175.46,NC
268,6,5304,5.3,453.59,119.66,CA
269,13,20042,2.1,139.86,0,TX
270,6,21675,1.2,81.84,119.66,CO
271,2,1705,1.4,109.58,128.21,GA
272,15,51924,1.3,105.13,119.66,CA
273,11,30027,3.3,200.85,259.76,OH
274,4,25296,1.3,89.81,128.21,IN
275,10,15222,1,74.43,119.66,NM
276,17,23061,5.3,453.59,119.66,CA
277,11,19090,4,268,119.66,TX
278,16,41237,2.5,143.48,119.66,SC
279,4,7057,2.6,173.4,175.46,TX
280,16,37799,4.8,337.9,119.66,TX
281,6,4621,2.6,179.4,119.66,CO
282,0,168,1.3,82.55,119.66,OK
283,8,20506,10.8,722,322.18,TX
284,14,24921,5,315.67,119.66,TX
285,18,34699,1.3,96.46,175.46,FL
286,8,32410,1.9,142.63,121.1,TX
287,5,49015,4.8,343.76,206.14,FL
288,5,5403,5.6,401.06,119.66,FL
289,1,4381,0.9,55.32,118.36,LA
290,8,22502,0.7,45.64,150.74,MO
291,12,31010,6.5,448.46,500.79,TX
292,17,68641,4.3,305.3,425.6,TX
293,16,26695,4.4,327.73,215.84,TX
294,12,26454,2.7,172.07,261.94,FL
295,19,51918,1,75.49,119.66,TX
296,8,18532,6.3,384.05,374.03,TX
297,3,6080,1.4,100.65,118.36,TX
298,11,18302,3.8,261.93,322.18,TN
299,16,63217,1.5,99.3,119.66,TX
300,2,8228,2,148.02,119.66,LA
301,1,1047,1.3,83.57,117.18,AR
302,14,22647,1,81.39,119.66,CA
303,0,337,0.8,46.55,119.66,AR
304,15,30746,1.3,106.35,175.46,AZ
305,13,17185,1.9,141.77,192.71,MS
306,17,29830,2.2,158.43,119.66,TX
307,12,37841,4.4,315.95,175.46,TX
308,15,27918,8.6,541.01,1074.62,TN
309,13,20516,0,0,0,CA
310,13,39798,0,0,0,TX
311,8,2076,13.1,1121.1,1351.46,CA
312,1,356,0.2,13.41,0,AL
313,9,14660,3.2,316.85,119.66,CA
314,7,19274,3.7,292.33,119.66,MO
315,7,9503,1.4,104.07,175.46,MA
316,5,6696,2.5,169.29,119.66,TX
317,14,32713,0.7,60.96,140.45,CA
318,14,35138,3.7,259.97,175.46,TX
319,13,11612,0.2,14.4,1.86,CA
320,0,35,0.6,45.42,0,OR
321,12,18158,3.5,245.59,119.66,SC
322,15,48945,1.9,123.88,119.66,MO
323,14,18453,0,0,0,MD
324,18,18453,0.5,39.25,119.66,MD
325,10,36663,3.5,240.86,119.66,TX
326,12,15530,5.6,399.58,214.89,IN
327,10,18179,0.8,60.61,118.47,CA
328,7,10320,1.4,99.78,206.14,WY
329,3,9111,4.8,307.2,119.66,FL
330,8,6074,4.3,282.75,0,SC
331,3,13540,6.2,492.17,0,SC
332,21,10012,4.9,419.31,175.46,CA
333,8,10923,3.1,231.98,119.66,AZ
334,19,23786,2.1,149.59,0,CA
335,16,25313,7.5,622.72,183.16,NV
336,7,18048,1.8,140.45,206.14,CA
337,11,13800,2.3,153.78,119.66,VT
338,17,35596,1.5,115.89,119.66,OR
339,1,1512,4.4,276.9,119.66,FL
340,12,11976,2.5,205,119.66,NM
341,10,23054,2.9,196.38,206.14,TX
342,14,10870,2.9,175.44,119.66,NY
343,10,17464,3.7,236.8,119.66,OR
344,10,29248,3,274.62,119.66,AK
345,8,25478,3,208.41,0,PA
346,1,1214,0.7,53.39,25.72,MD
347,12,16814,4,274,322.18,KY
348,10,31348,2.1,135.3,119.66,PA
349,12,28365,7.9,665.73,238.26,AZ
350,10,8660,2.1,134.22,119.66,NY
351,11,31050,3.6,302.4,175.46,MO
352,16,48424,7.7,564.04,179.79,OR
353,14,27284,4.6,356.62,119.66,MI
354,21,30855,3.7,311.75,119.66,AZ
355,8,15194,1.7,122.4,175.46,TX
356,4,8123,2.1,133.96,174.27,ID
357,9,26712,5.9,444.11,206.14,TX
358,20,14469,1,81.17,119.66,CA
359,0,82,3.3,213.15,119.66,TX
360,12,27035,2.1,152.51,119.66,ID
361,1,221,1.6,114.57,118.36,FL
362,11,45077,1.2,93.82,119.66,WA
363,17,63821,1.6,125.1,175.46,WA
364,12,32601,4.9,379.79,119.66,AZ
365,11,14304,1.6,105.66,119.66,MA
366,7,7102,2.1,143.34,119.66,SC
367,21,35892,2.1,153.94,119.66,FL
368,10,13190,2.8,189.61,119.66,TX
369,10,11788,1.9,153.26,119.66,CA
370,14,34456,0.6,45.82,119.66,CA
371,12,46312,9.6,717.12,997.84,MI
372,5,1133,4.4,381.46,206.14,CA
373,7,29009,4.7,249.87,404.78,PA
374,14,48876,4.8,278.4,181.21,NE
375,0,15,1.9,199.45,119.66,CA
376,7,15204,4.5,331.54,119.66,TX
377,15,27839,3,231.02,119.66,TX
378,8,22841,4.8,378.72,204.94,TX
379,8,35190,5.4,406.23,128.21,IN
380,7,12132,3.4,283.32,175.46,CO
381,4,5780,3.5,259.12,174.27,CA
382,15,51018,1.8,119.16,121.54,TX
383,19,29278,1.7,116.45,119.66,OR
384,9,16767,4.3,360.7,322.18,CA
385,18,40880,5.9,521.07,119.66,CO
386,17,72566,9.5,527.75,896.81,NE
387,16,24324,1.3,99.06,272.34,ID
388,20,49860,6.7,533.99,175.46,TX
389,3,3416,2.9,200.32,119.66,FL
390,1,615,2.6,192.92,175.46,FL
391,4,6822,3.1,220.06,119.66,WA
392,11,10401,3.4,246.93,119.66,ID
393,5,6021,2.7,199.04,369.16,CA
394,13,23472,0.8,53.04,119.66,NV
395,0,10,3.6,308.47,117.18,CA
396,12,6724,6.7,529.02,119.66,OR
397,22,55262,4.1,306.8,119.66,FL
398,18,18543,3,232.58,119.66,AZ
399,3,8370,5.1,400.66,118.47,AZ
400,1,2361,3.6,272.25,322.91,TX
401,5,15683,0.8,45.87,119.66,KS
402,1,1336,3.6,284.42,175.46,MO
403,7,6136,2,216.77,175.46,CA
404,7,12882,1.7,108.57,119.66,FL
405,2,2158,4.3,298.39,119.66,FL
406,5,3377,3.3,255.09,119.66,UT
407,1,218,3.4,266.13,119.66,AZ
408,12,14282,0.9,72.57,119.66,OR
409,2,1591,3.2,253.86,175.46,CA
410,20,55590,1.8,121.32,175.46,TX
411,20,40360,1.4,223.7,119.66,MO
412,11,14742,3.7,243.3,231.76,WI
413,7,3618,3.4,229.07,175.45,OR
414,0,56,3.8,253.08,119.66,TX
415,21,46519,2.1,166.75,175.46,TX
416,6,13923,3,200.07,119.66,FL
417,23,66848,1.3,107.36,128.21,GA
418,2,5240,1.3,79.86,118.36,NM
419,11,19585,1.2,91.64,55.8,CA
420,6,8036,1.7,125.32,0,CA
421,7,8669,2.6,191.67,119.66,CA
422,8,19080,7.5,628.55,1219.02,CA
423,5,7200,5.4,519.13,175.46,NY
424,14,28782,0.2,16.6,119.66,UT
425,0,7,2.9,226.99,345.2,GA
426,16,8583,1,68.5,119.66,TX
427,8,19618,0.7,56.88,164.08,CO
428,8,17917,1,75.13,119.66,CT
429,5,19424,1.2,54.5,175.46,ND
430,0,50,2.3,186.3,121.52,MA
431,3,6235,1,75.41,119.66,TX
432,11,17197,2,139.97,236.65,PA
433,21,43308,3.7,237.4,357.02,NC
434,11,20746,6.7,512.59,178.26,FL
435,9,19296,1.7,133.33,175.46,MN
436,3,3173,1.8,136.26,119.66,MN
437,7,15869,6.7,395.41,128.21,GA
438,12,35817,5.9,440.37,175.46,FL
439,22,26785,2.7,190.6,119.66,TX
440,18,14262,8.1,591.59,284.02,AZ
441,14,13371,3.6,388.56,119.66,CA
442,0,116,1.3,92.3,119.66,TX
443,10,31748,3.7,295.21,325.88,MI
444,8,9364,2.4,198.87,206.14,CA
445,6,6200,4.8,310.24,119.66,TX
446,6,17624,2.4,198.38,119.66,MA
447,14,16262,1.8,112.85,119.66,MO
448,4,5954,1.3,119,119.66,AK
449,0,213,4.6,334.54,118.47,TX
450,9,29453,2,156.72,128.21,GA
451,2,2133,4.3,331.61,119.66,WA
452,2,4096,2,158.73,119.66,MN
453,12,35257,9,666.56,77.16,AL
454,3,15493,1.3,78.73,119.66,TX
455,16,75392,1.6,100.36,119.66,TX
456,4,16251,1.9,128.37,213.84,TX
457,13,38479,2.9,199.28,119.66,FL
458,18,66417,3.5,220.5,175.46,KS
459,11,19780,0.7,55.52,127.6,NV
460,10,7890,4.9,358.84,128.21,GA
461,7,26245,0.7,56.76,132.89,NM
462,19,43649,0.9,67.32,119.66,MI
463,15,34520,2.8,200.58,119.66,MI
464,7,15000,6.1,444.47,213.35,FL
465,4,8122,2.5,155.65,175.46,MI
466,10,47357,4.9,319.51,156.01,TX
467,13,4120,1.9,169.26,119.66,CA
468,14,24600,4.2,284.41,282.68,TX
469,21,18879,3,214.98,284.02,MI
470,0,17,0.7,56.46,158.6,NJ
471,4,3776,4.3,303.15,119.66,AZ
472,11,9890,1.6,150.66,119.66,HI
473,22,35407,3.6,280.8,175.46,OH
474,16,41944,4.7,278.36,119.66,TX
475,8,26646,2.5,217.71,119.66,MN
476,22,40606,5,387.81,175.46,FL
477,1,238,4.8,336.45,172.38,OH
478,10,30068,7.4,525.4,956.62,TX
479,11,5993,2.9,224.17,119.66,UT
480,1,357,0,0,0,NH
481,12,36051,1.7,116.12,119.66,VA
482,1,398,3.4,254.53,119.66,TX
483,3,5867,1.5,72.85,128.21,GA
484,9,18143,4.9,382.77,370.5,TX
485,8,16333,3.1,204.89,57.55,ID
486,12,14719,4.2,319.88,119.66,ID
487,5,18760,1.5,120.31,206.14,CA
488,18,31342,0.2,16.11,119.66,AZ
489,8,25421,3,232.53,119.66,AZ
490,9,18101,4.4,319.07,119.66,ND
491,12,21881,5.8,496.38,119.66,CA
492,9,29279,2.7,216,55.8,MO
493,6,7726,2.3,142.6,175.46,OH
494,20,28602,1.8,127.25,280.66,IL
495,12,47936,4.8,357.52,119.66,TX
496,11,63003,1.8,139.17,119.66,MN
497,1,140,1.6,104.16,119.66,TX
498,4,3813,2.1,140.06,142.98,TX
499,12,45196,1.9,140.82,119.66,UT
500,11,22278,5.2,396.39,119.66,TX
501,7,6904,1.6,105.07,119.66,NC
502,12,32280,0.9,53.76,178.07,AL
503,11,14260,3,233.4,284.02,TX
504,11,20632,1.8,167.6,119.66,NJ
505,12,40558,1.1,56.4,119.66,FL
506,5,10664,2.4,175.49,119.66,OH
507,9,5992,2.9,224.17,119.66,UT
508,9,17000,0,0,0,UT
509,13,3900,0.7,55.65,119.66,CA
510,2,3958,4,240.53,227.11,GA
511,16,48600,2.1,132.96,128.21,IL
512,14,20646,9.5,744.37,489.52,MN
513,6,1766,2.7,211.96,119.66,WA
514,21,78534,5.7,418.92,175.46,TX
515,1,713,3.1,224.93,119.66,SD
516,9,14231,4.9,273.91,175.46,MN
517,1,822,3.8,257.13,125.42,MN
518,11,31211,3.7,266.09,119.66,NM
519,10,25156,0.9,65.93,119.66,OR
520,11,7521,4.6,366.28,119.66,UT
521,11,7626,4.8,382.21,329.42,UT
522,14,43328,3,253.5,322.18,MD
523,10,24236,2.3,204.47,175.46,AK
524,2,925,0.8,71.03,119.66,MN
525,2,3937,3,222.59,119.66,FL
526,15,74900,2.8,235.2,175.46,MO
527,13,20797,4.4,294.8,119.66,TX
528,7,12350,9,598.69,0,FL
529,11,34285,1.8,272.3,119.66,TX
530,7,9208,1.5,101.36,8.55,MT
531,13,36030,4.7,393.67,206.14,CO
532,15,59516,0.8,60.16,123.38,OH
533,6,16485,1.9,142.14,119.66,FL
534,19,62226,0,0,0,WA
535,9,27250,1.6,134.13,119.66,UT
536,9,27250,3.4,285.03,175.46,UT
537,16,48822,3.5,271.19,175.46,TX
538,7,12942,2,161.66,175.45,CA
539,16,27850,3.2,166.4,119.66,NE
540,4,5201,4.3,303.51,460.58,AZ
541,14,34000,2.4,193.59,123.38,MI
542,3,6442,1.5,120.31,206.14,CA
543,21,66801,4.8,385.96,175.46,TX
544,12,14012,5.7,477.87,119.66,CA
545,6,15895,1.9,151.97,175.46,CA
546,12,4835,1.5,140.03,119.66,CA
547,21,52983,1,79.7,175.46,LA
548,2,2035,1.2,87.72,119.95,CA
549,0,277,0,0,0,TX
550,12,7055,0,0,0,CA
551,16,33857,2.3,159.29,119.66,TX
552,4,7867,2.7,172.8,697.23,UT
553,12,27084,4.6,325.34,119.66,TX
554,2,3913,1.3,114.27,119.66,CA
555,13,54424,1.9,142.63,119.66,TX
556,15,23883,7.5,525,308.07,SC
557,18,34660,1.2,106.12,119.66,CO
558,10,29262,4.3,304.73,119.66,TX
559,9,10577,6.8,475.2,315.95,OR
560,15,51272,0.9,70.3,119.66,CA
561,1,1285,2.4,182.91,130.29,OR
562,17,37736,2.9,233.83,119.66,TX
563,19,23462,3.9,300.9,121.21,CA
564,16,16224,7.3,645.32,119.66,CA
565,16,56130,1.3,81.99,187.01,TX
566,3,6403,3.1,233.77,259.84,TX
567,16,22668,3.2,271.32,175.46,HI
568,0,4,2.6,173.13,118.36,TX
569,3,6059,2.9,222.92,119.66,UT
570,21,42141,2.9,224.17,119.66,UT
571,14,29676,2.6,228.82,119.66,MN
572,1,800,8.9,647.92,559.53,CA
573,5,4729,2.7,202.8,119.66,TX
574,4,3980,1.4,117.58,119.66,OR
575,4,7732,4.8,458.8,118.36,CA
576,16,9886,2.6,198.03,119.66,ID
577,10,17948,4.1,310.03,212.93,TX
578,11,10884,4.7,399.5,527.51,CO
579,5,2776,3.9,280.51,204.95,UT
580,2,1502,1.9,127.76,175.46,ID
581,3,3253,27.1,2263.12,3891.1,NJ
582,1,1945,0.5,25.43,119.66,MT
583,1,1244,3.8,284.48,119.66,TX
584,1,1048,3.9,291.97,282.68,TX
585,3,4951,4.4,337.12,119.66,TX
586,10,10288,4.6,356.54,119.66,AZ
587,17,31155,4.1,331.59,175.46,CA
588,7,45927,7.3,521.82,202.91,FL
589,13,21444,0.7,50.83,127.92,WI
590,13,25004,1.2,87.92,175.46,OR
591,9,14734,4.1,308.17,119.66,FL
592,5,10805,3.8,262.48,415.9,FL
593,20,36755,3.6,257.82,119.66,TN
594,14,51418,1.3,96.86,119.66,NC
595,17,50562,8.7,578.72,874.24,FL
596,21,51584,7.6,566.27,196.82,TX
597,8,9917,6.3,459.86,175.46,TX
598,4,2854,6,358.3,467.64,MI
599,22,60519,2.5,203.16,119.66,CO
600,3,4634,4.4,345.11,118.36,CO
601,13,26590,4.3,277.92,119.66,TX
602,1,24,2,142.47,119.66,TX
603,0,308,1.6,104.8,118.47,LA
604,3,7478,3.1,220.89,118.47,OK
605,0,699,2.2,162.1,119.66,TX
606,22,57724,4.2,326.65,175.46,TX
607,17,40683,3.3,253.68,175.46,TX
608,1,27,2.2,172.96,119.66,CO
609,3,6600,1.5,120.31,206.14,CA
610,1,2995,1.6,136.1,119.66,CA
611,12,32521,2.8,237.47,147.17,MD
612,12,35962,1.1,72.6,284.02,VA
613,6,24703,3.3,247.52,119.66,WA
614,1,8685,6,421.31,0,TX
615,8,22586,3.6,278.61,377.98,TX
616,12,23993,1.2,86.13,119.66,MA
617,4,1724,1.2,119.4,119.66,NY
618,12,12653,2.1,120.33,175.46,VA
619,3,1802,3.1,236.42,118.36,NY
620,5,3619,0.7,54.53,123.72,NY
621,10,19225,5.7,368.57,149.58,NH
622,4,4195,3.1,239.55,175.46,CA
623,1,1171,2.2,157.38,0,CO
624,19,25571,0.2,17.53,119.66,CA
625,7,10898,2.6,235.38,213.06,NJ
626,5,5692,0.7,56.68,119.66,MA
627,13,11829,7.7,552.8,1268.17,PA
628,15,28990,7.4,732.6,322.18,CA
629,16,22807,2.6,198.01,175.46,OR
630,12,33105,0.7,43.56,0,WV
631,19,42136,2,134.62,0,NY
632,6,20673,2.1,141.75,119.66,TN
633,17,9132,1.8,118.28,122.85,FL
634,2,4204,4.9,338.56,118.36,KY
635,16,37265,2.6,151.65,119.66,MO
636,21,51693,2.3,185.98,128.21,GA
637,0,3,0.3,19.04,0,PA
638,7,17533,1.3,108.89,119.66,CO
639,14,14407,5.3,453.59,119.66,CA
640,14,17854,0.8,41.91,119.66,PA
641,0,4,1.8,118.05,0,OR
642,0,38,3.8,297.44,126.81,GA
643,10,28134,1.8,112.62,119.66,ID
644,13,15996,0.2,16.22,119.66,GA
645,14,16092,3,177.35,0,IA
646,17,18330,4.6,356.54,119.66,AZ
647,18,40803,1.6,140.28,201.33,NJ
648,10,34822,3,217.88,119.66,ID
649,13,17817,4.2,325.1,119.66,VA
650,0,22,1.5,102.16,0,ID
651,3,11533,1.5,120.31,206.14,CA
652,1,721,1.3,91.15,119.66,SC
653,2,2255,0,0,0,CA
654,2,2255,1.1,74.4,0,CA
655,0,4,3.7,265.92,128.21,IN
656,0,26,3.4,261.35,119.66,UT
657,6,5158,5.7,354.91,404.78,NY
658,10,53308,1.7,125.26,204.94,TX
659,15,35977,3.3,206.34,0,TX
660,1,959,4.3,393.51,117.18,CA
661,9,20453,0.2,11,119.66,KY
662,6,3948,2.9,187.39,119.66,WA
663,14,38539,7.6,616.3,1396.04,GA
664,20,13823,3.8,229.96,206.24,PA
665,17,39270,0.9,57.45,119.66,LA
666,0,45,3.1,183.43,0,MI
667,2,2101,4.1,228.37,118.36,NY
668,12,13109,1.6,93.5,0,PA
669,4,10430,2.7,156.69,119.66,NC
670,6,30718,1.1,63.8,119.66,NE
671,2,3318,2,122.02,206.14,MI
672,16,43562,3.6,296.52,175.46,NC
673,15,21028,0,0,0,IN
674,10,13760,0.5,34.87,0,TX
675,13,63405,1.9,120.27,128.21,GA
676,10,41713,3.2,265.17,175.46,CA
677,9,16258,2.4,184.02,119.66,LA
678,0,12,0.7,44.8,34.3,FL
679,18,67903,2.5,151.67,175.46,KY
680,5,7320,1.5,82.31,0,NH
681,7,9968,4.3,263.91,175.46,VA
682,8,11820,1.4,96.59,119.66,VA
683,13,81617,11.5,814.91,320.98,OK
684,9,17632,2.8,219.6,119.66,OR
685,0,15,2.4,160.49,118.36,MI
686,1,406,5.8,449.54,119.66,CA
687,21,50865,1,66.5,119.66,FL
688,2,2493,32.4,1711.36,1824.26,AL
689,1,970,1.4,88.52,0,OH
690,0,11,1.9,126.61,118.36,SC
691,1,103,0,0,0,PA
692,5,4535,3.6,277.76,175.46,CA
693,9,9634,0.8,48,0,IA
694,16,9101,1,58.24,119.66,IA
695,18,36533,0.7,58.74,119.66,AZ
696,10,8798,8.6,721.24,119.66,VA
697,11,15350,2.4,182.78,119.66,OR
698,17,19300,2.2,137.44,175.46,MI
699,11,25974,1.4,90.54,0,NH
700,13,51919,9.4,560.53,450.54,OH
701,15,26720,5.3,453.59,119.66,CA
702,0,5,4.5,411.82,119.66,CA
703,3,4510,2.4,166.72,119.66,OR
704,1,3117,3.9,254.35,206.14,AZ
705,20,84505,1.6,121.88,237.06,FL
706,1,350,0.8,40,0,NC
707,1,251,4.9,334.7,119.66,SC
708,9,57308,7.5,474.75,214.33,AZ
709,2,7160,1,64.09,1.85,NE
710,4,3508,2.1,143.28,119.66,NY
711,0,105,1.2,57.5,118.36,KY
712,15,35782,2.6,218.74,119.66,MA
713,4,4653,1.6,112.14,118.36,FL
714,19,17892,7.9,476.37,283.87,NC
715,13,26042,1.8,120.96,175.46,OH
716,11,21378,1.4,61.76,119.66,OK
717,8,16173,2.3,169.78,119.66,OK
718,1,894,1.2,63.48,119.66,VA
719,8,17893,1,68.27,118.47,SC
720,1,190,2.6,166.57,118.36,LA
721,14,7696,0.8,77.92,119.66,CA
722,11,35963,8.2,612.23,540.71,FL
723,4,3718,2.3,156.4,119.66,FL
724,3,2863,2.4,163.2,119.66,FL
725,10,14118,0.8,58.75,119.66,NC
726,1,3100,1.6,124.98,369.16,TX
727,10,5092,2.3,140.02,175.46,TX
728,13,29437,0.5,41.75,188,IL
729,2,6899,2.5,195.69,128.21,GA
730,16,33466,6.1,395.78,119.66,AL
731,18,56707,3.8,262.33,175.46,NC
732,14,65449,2.9,232.69,225.07,CA
733,15,18475,2.2,183.11,119.66,CA
734,4,19123,0.5,28.27,0,GA
735,3,8830,2.9,277.15,119.66,CA
736,19,16710,6.6,631.19,118.47,CA
737,12,2960,3.3,255.78,119.66,AZ
738,11,18659,4.4,294.8,119.66,TX
739,18,32500,4.7,455.87,1305.53,CA
740,1,917,3.6,231.58,119.66,TX
741,20,35517,4.2,291.9,121.54,TX
742,1,345,0.8,59.41,119.66,VA
743,6,6773,0.8,59.76,119.66,MI
744,2,1923,1.4,112,0,CO
745,3,2945,4.5,322.92,119.66,ID
746,10,13934,4,276.78,119.66,FL
747,15,7854,3,222.59,175.46,FL
748,2,5249,2.4,187.85,128.21,GA
749,14,24657,3.1,226.65,0,AZ
750,1,159,5.1,353.91,119.66,FL
751,10,3099,2,142.47,119.66,AR
752,12,26285,4.2,328.09,119.66,TX
753,0,67,2.7,160.07,119.66,AL
754,18,22222,1.1,82.32,119.66,FL
755,7,40480,2.1,139.38,119.66,TX
756,7,13089,2,137,119.66,KY
757,2,22629,1.5,86.67,119.66,NM
758,1,15202,5.9,340.92,188.58,NM
759,17,64731,1,76.84,119.66,TX
760,3,11021,4.2,328.72,119.66,CO
761,8,26920,5.6,349.44,178.43,NM
762,14,27113,0.9,69.02,119.66,MO
763,17,21296,6.9,606.56,175.46,CA
764,10,20101,1.7,145.33,119.66,CA
765,9,19306,2.8,227.08,119.66,TN
766,19,30373,3.4,246.93,119.66,ID
767,8,18488,4.6,346.26,119.66,TX
768,5,7806,5.7,385.89,119.66,AL
769,1,1216,3.8,268.15,119.66,LA
770,11,16580,4.6,295.45,119.66,AZ
771,19,43361,4.6,279.61,261.94,TX
772,22,47232,1.6,120,175.46,TX
773,16,23927,2.5,182.53,119.66,VA
774,20,35178,1.7,137.99,119.66,CA
775,12,6747,1.6,122.78,119.66,LA
776,14,19332,2.8,231.65,55.8,WA
777,12,10752,5.9,499.17,207.69,CA
778,5,7931,12.8,943,326.51,TX
779,6,8395,0.5,33.97,119.66,TX
780,11,34597,6.3,467.5,119.66,TX
781,0,6,1.5,85.03,119.66,PA
782,10,29721,0.2,15.33,2.25,LA
783,10,26553,2,142,128.21,IL
784,14,19122,3,232.58,119.66,AZ
785,0,9,4.4,330.37,119.66,CA
786,10,27095,3,207.11,119.66,NC
787,8,10625,4.3,273.34,128.21,GA
788,8,3869,4,316.03,175.46,MO
789,4,4918,3,238.5,119.66,CA
790,5,6506,2.9,238.86,178.81,CA
791,14,8501,2.1,148.48,133.88,IL
792,0,10,1.9,104.25,118.47,IA
793,12,25481,2,161.68,573.59,TX
794,13,59782,1.8,121.62,119.66,WI
795,12,23179,2.7,191.32,175.46,TX
796,5,7352,5.3,421.67,175.46,TX
797,6,7437,1.9,118.69,119.66,NC
798,18,43656,13.5,938.37,185.27,FL
799,10,24246,0.8,64,119.66,TX
800,8,13365,1,64.3,128.21,GA
801,11,15427,0.7,55.78,119.66,MO
802,17,57735,1.4,112.33,184.53,AZ
803,19,62508,2,155.75,119.66,AZ
804,1,2101,2.8,213.39,342.29,OR
805,6,11532,0.5,42.35,119.66,CA
806,4,10344,3.4,234.85,408.66,FL
807,14,18809,2.5,207.75,119.66,CA
808,3,3899,0.9,59.94,119.66,IA
809,14,41544,9,671.97,404.14,FL
810,0,69,0.8,55.73,134.35,SC
811,2,7337,3.2,229.03,181.23,WI
812,13,29636,1.9,150.87,119.66,MI
813,6,3345,5.3,504.56,119.66,CA
814,19,25185,4.5,373.62,179.31,NV
815,11,19924,8.1,596.81,196.82,TX
816,2,3257,2.7,215.95,119.66,CA
817,1,295,1.1,85.14,119.66,TX
818,16,42324,0.8,44,119.66,TN
819,3,7781,1.9,101.87,119.66,KS
820,22,74103,13,783.26,1192.9,GA
821,20,12840,0,0,119.66,NV
822,2,7107,4.4,246.73,0,LA
823,11,16546,10,585,1081.24,FL
824,11,21704,3,222.62,436.63,TX
825,5,14302,3.5,227.63,374.03,SD
826,23,22101,2.7,179.1,119.66,FL
827,11,37006,2.6,180.09,119.66,FL
828,10,14003,0.2,12.55,151.58,NA
829,2,2626,NA,97.98,119.66,NA
830,11,28800,NA,92.6,119.66,NA
831,9,53454,NA,827.87,80.9,AL
832,10,24876,2.5,188.18,119.66,TX
833,0,11,10.5,995.3,1079.96,CA
834,8,12627,5.5,419.07,0,MI
835,15,21281,3,249.09,175.46,CA
836,9,12886,2.9,232.17,119.66,CA
837,10,22728,4.2,328.09,119.66,TX
838,0,14,1.6,110.06,119.66,OH
839,10,46413,2.1,537.54,119.66,TX
840,17,29513,3.9,300.91,119.66,CA
841,5,4976,2.4,156,118.47,AR
842,1,3660,2.1,146.73,175.46,WI
843,16,8755,1.4,111.04,1.75,NV
844,6,5832,2.2,178.4,128.21,GA
845,1,725,3.8,268.15,119.66,LA
846,6,7289,2.9,194.32,206.14,MI
847,15,42789,1.3,90.44,119.66,CA
848,15,30096,4.1,301.83,175.46,TX
849,19,30742,3.8,262.33,119.66,NC
850,19,28867,2.8,168.94,188,IN
851,9,10171,5.8,496.38,119.66,CA
852,1,616,2.2,143.9,175.46,FL
853,0,176,2.2,156.71,119.66,TX
854,17,33616,3.9,290.48,0,TX
855,2,1000,2.8,197.97,119.66,SC
856,1,1178,0.8,39.04,0,IA
857,10,29357,3.3,191.71,174.27,LA
858,11,27429,0.8,59.47,190.68,TN
859,13,29058,1.5,113.42,175.46,PA
860,4,18308,0.7,43.03,128.21,GA
861,6,NA,1.2,77.65,119.66,PA
862,2,NA,0.5,44.68,119.66,AK
863,8,NA,0,0,0,TX
864,5,10070,1.6,89.28,317.75,MS
865,12,17236,7.1,545.48,175.46,TX
866,5,9375,3.8,226.69,332.68,MN
867,0,15,3.1,191.84,118.36,AL
868,2,3596,2.8,207.2,119.66,TN
869,20,38846,0.9,50.49,119.66,PA
870,7,7519,2.6,210.84,319.45,AZ
871,0,1,5.3,425.63,322.91,NJ
872,16,28810,2.9,217.52,119.66,WA
873,18,45808,0.2,14.03,136.36,TN
874,21,60202,1.9,130.29,119.66,WY
875,20,96933,8.2,519.59,399.28,TX
876,17,43007,2,152.33,175.46,LA
877,20,34345,7.6,525.22,196.82,FL
878,12,20635,7.8,558.43,175.46,FL
879,12,29661,5.2,322.4,128.21,GA
880,0,189,0.7,44.8,0,FL
881,19,27996,5.9,495.39,175.46,TX
882,0,42,1.9,132.49,119.66,TX
883,12,8587,1.1,80.76,119.66,NC
884,6,18584,1.6,109.58,119.66,AL
885,10,27859,5.8,496.38,119.66,CA
886,13,48349,2.5,175.33,119.66,OK
887,0,13,4.8,347.67,682.59,FL
888,21,40939,2.6,194.63,119.66,TX
889,8,23336,3.5,253.63,147.11,OK
890,8,27537,2.6,161.9,119.66,KY
891,5,10197,2.9,225.5,206.14,CA
892,5,7319,2.6,210.77,119.66,OR
893,2,6190,2.6,202.8,119.66,SD
894,7,14095,2,154.82,119.66,MO
895,11,14199,4.3,339.27,119.66,TX
896,4,8422,5.7,459.38,119.66,CA
897,0,91,3.1,167.36,119.66,FL
898,7,9286,1.4,109.36,119.66,CA
899,10,16001,18.7,1484.94,429.36,TX
900,13,42383,7.3,492.96,486.54,TX
901,16,38019,1.2,95.4,118.47,TX
902,17,38700,4.5,385.03,175.46,CA
903,17,11187,6.3,390.42,874.27,VA
904,12,25890,3.3,272.79,119.66,CA
905,15,31115,7.1,518.55,119.66,AZ
906,20,84254,0.5,36.83,119.66,CA
907,1,34,2.6,172.79,119.66,TX
908,13,22602,2.3,214.72,175.46,CA
909,4,2923,2.6,265.62,119.66,CA
910,4,4523,4.1,233.7,119.66,TX
911,0,3,4.3,353.73,126.81,IL
912,19,30759,5.2,385.84,119.66,FL
913,0,191,0.7,44.8,0,FL
914,7,18033,1.5,89.2,119.66,FL
915,14,35880,2.7,195.25,119.66,OK
916,17,31850,0.6,42.24,0,TX
917,11,10735,1.9,98.42,380.83,NC
918,10,16308,0.8,66.31,128.21,IN
919,21,21427,1.3,93.84,119.66,TX
920,3,3656,1.4,112.01,119.66,CA
921,6,17217,4.7,306.47,120.61,FL
922,0,136,2,154.26,119.66,CA
923,7,6834,1.2,100,119.66,CO
924,12,31527,4,315.6,284.02,TX
925,13,10612,1.4,104.58,119.66,MI
926,10,7299,1.8,122.09,119.66,MI
927,11,18504,1.6,96.43,206.14,SD
928,2,2844,5.3,397.95,119.66,AZ
929,11,16664,7.2,564.44,129.46,AZ
930,9,19139,12.9,862.4,1215.99,MI
931,0,4,1.3,101.76,126.81,GA
932,14,20782,5,384.36,175.46,TX
933,11,12366,5.3,453.59,119.66,CA
934,12,21369,6.5,485.31,119.66,FL
935,1,2758,1.5,114.24,119.66,MO
936,18,28965,7.7,574.9,322.18,FL
937,2,3264,4.5,383.23,128.21,IL
938,13,28981,4.1,288.62,119.66,TX
939,20,69115,3.6,264.21,136.91,OH
940,0,193,5.7,403.66,119.66,TX
941,21,44956,3.8,271.7,233.09,TX
942,5,14046,1.9,152.39,206.14,CA
943,10,18094,5.1,317.65,119.66,NC
944,14,41882,3.9,266.39,119.66,VA
945,0,2,1.7,123.95,118.36,MD
946,12,25106,1,61.87,119.66,MI
947,11,22587,2.3,173.12,119.66,TX
948,1,318,2.6,203.47,119.66,TX
949,0,45,4.2,255.06,118.36,MI
950,0,11,4.4,299.67,118.36,ID
951,0,26,5,359.03,119.66,TX
952,7,17730,3.9,253.43,119.66,TX
953,16,42766,3.2,239.31,123.38,TX
954,1,470,5.2,373.45,119.66,FL
955,13,32184,0,0,0,VA
956,7,31574,4.9,315.52,119.66,WI
957,21,28542,3.7,289.56,119.66,TX
958,18,28721,4.3,343.6,119.66,NV
959,17,22605,1.2,88.42,175.46,TX
960,22,29256,5.9,410.09,119.66,FL
961,17,49987,3,203.81,119.66,TX
962,5,11367,5,362.14,206.14,FL
963,6,25712,5.3,374.09,460.58,AZ
964,6,20031,20.6,1445.51,3063.24,SC
965,9,21300,0.8,47.2,119.66,SD
966,0,3,0.5,31.73,0,PA
967,11,21138,1,70.97,119.66,FL
968,2,4364,0.7,43.82,119.66,DE
969,1,734,2.2,171.16,206.14,TX
970,7,17813,9,694.8,233.41,MO
971,10,27353,1.6,89.28,119.66,MS
972,13,22756,2.4,223.46,334.15,NJ
973,10,23425,4.7,367.66,128.21,GA
974,12,44345,4.7,333.52,175.46,TX
975,18,19247,2.7,150.01,119.66,NE
976,10,18202,0.7,49.06,154.77,CA
977,12,9800,5.2,384.71,119.66,TX
978,19,22118,1,106.54,206.14,CA
979,7,16408,3.6,249.1,119.66,FL
980,15,16571,4,293.71,119.66,TX
981,7,8366,2.8,219.16,187.99,GA
982,6,9173,2.2,186.34,206.14,CA
983,13,16571,3.3,249.6,175.46,FL
984,1,1907,3,251.48,119.66,UT
985,22,62310,2.8,217.17,119.66,FL
986,21,29185,2,164.41,175.46,CA
987,21,37243,4.2,326.64,175.46,TX
988,3,656,0.9,64.11,138.62,TX
989,17,72292,1.7,86.21,175.46,TX
990,19,35583,1.4,105.1,175.46,TX
991,7,5548,4.6,348.09,261.93,AZ
992,13,24196,2.6,202.98,175.46,TX
993,10,15554,1,76.38,119.66,CA
994,4,5082,1,97.85,132.09,CA
995,17,24196,7.5,534.27,175.46,CA
996,17,34120,2.6,162.16,175.46,OK
997,4,12603,1.3,96.81,119.66,CA
998,22,26844,4.1,299.17,119.66,TX
999,14,35810,3.2,261.78,119.66,AZ
1000,13,34372,3.9,319.06,119.66,AZ
1001,15,47151,1.5,106.74,119.66,TX
1002,7,23890,4.3,281.15,119.66,AL
1003,12,44188,3.9,276.9,119.66,NC
1004,11,34251,3,233.26,175.46,AZ
1005,18,44375,4.9,360.12,119.66,TX
1006,16,21442,1,73.8,203,IL
1007,14,28892,2.2,158.18,377.98,FL
1008,13,20145,2.9,179.61,119.66,AL
1009,10,29179,2.8,184.22,213.28,OK
1010,12,6557,1,56.67,119.66,OR
1011,16,34288,0.8,32.85,119.66,SD
1012,13,19556,2.8,233.33,119.66,CA
1013,2,753,3.9,268.18,128.21,GA
1014,12,22255,2.6,180.71,0,FL
1015,12,65327,0.8,55.68,119.66,LA
1016,13,65985,9.1,698.07,225.54,LA
1017,17,67507,0,0,0,IN
1018,7,17000,7.9,619.32,119.66,AZ
1019,14,28498,2.6,192.4,119.66,VA
1020,13,27904,0.4,30.68,175.46,LA
1021,11,29573,1.8,143.07,0,GA
1022,16,54241,3.8,262.94,119.66,FL
1023,6,16110,0.8,50.78,119.66,FL
1024,3,5966,1.8,128.27,119.66,OK
1025,4,7156,3.7,276.89,119.66,AZ
1026,12,44749,5.4,346.5,175.46,LA
1027,8,15299,3.5,280.2,175.46,CA
1028,20,25663,2.9,197.99,119.66,FL
1029,19,31571,3.6,255.6,119.66,NC
1030,19,67567,1.5,87.75,119.66,FL
1031,17,30698,5.9,363.65,303.75,NC
1032,7,5176,5.5,460.65,380.83,CO
1033,11,47809,1.2,71.02,119.66,MS
1034,1,530,4.5,294.22,0,AL
1035,12,13035,4.4,294.8,119.66,TX
1036,3,4176,2.9,206.65,119.66,OK
1037,1,1004,2.4,185.52,42.14,NV
1038,22,30390,4.1,312.8,119.66,TX
1039,15,12550,1.7,131.77,119.66,AZ
1040,10,11349,3.8,257.31,206.14,TX
1041,15,31341,3.5,240,119.66,WY
1042,3,2972,2.7,202.7,119.66,OK
1043,6,11930,3,236.7,175.46,TX
1044,14,16307,4.4,323.08,119.66,TX
1045,0,23,1.1,87.87,0,CO
1046,0,103,0.2,12.36,0,SD
1047,13,28641,4.6,336.57,175.46,KY
1048,8,25538,4.9,311.28,119.66,WI
1049,14,25021,1.7,126.68,15.16,CA
1050,0,31,2.6,199.2,119.66,TX
1051,13,45365,2.7,189,175.46,SC
1052,10,17156,6.9,544.41,229.17,TX
1053,11,12446,2,139.67,119.66,NC
1054,12,16444,2.4,173.56,176.91,KY
1055,18,49762,5.6,556.49,119.66,CA
1056,3,5332,2.4,147.76,206.14,FL
1057,7,39093,6.4,439.79,136.91,FL
1058,17,31652,1.7,154.8,175.46,CA
1059,16,70657,2.6,206.46,175.46,TX
1060,16,22906,1.7,129.85,175.46,TX
1061,10,25306,2,145.6,119.66,VA
1062,8,26644,1.7,102,128.21,IL
1063,9,15483,1.9,164.73,175.46,CA
1064,7,15299,2.7,211.31,206.14,TX
1065,12,26747,0.5,34.25,128.21,GA
1066,5,12897,2.4,179.07,206.14,CA
1067,19,43567,1.4,108.13,119.66,AZ
1068,11,16743,17.6,1020.8,896.14,IA
1069,22,26056,3.6,283.35,119.66,FL
1070,9,32340,2.4,157.72,119.66,FL
1071,2,2888,4.9,339.45,119.66,NC
1072,0,137,0.8,51.2,0,FL
1073,22,37354,4.3,329.22,119.66,TX
1074,16,48295,0.8,55.36,119.66,CO
1075,11,37752,5.5,378.2,256.23,OH
1076,4,12065,1.5,106.34,119.66,CA
1077,7,78799,1.2,82.73,119.66,TN
1078,7,75310,1.9,130.96,119.66,TN
1079,5,45021,2.7,186.1,119.66,TN
1080,2,24769,4.7,312.68,282.68,TN
1081,12,14279,1.2,97,119.66,TX
1082,5,25789,3.8,272.74,119.66,FL
1083,1,1526,0.7,53.51,149.03,TX
1084,12,34120,5.7,460.61,322.18,TX
1085,7,31078,0.7,46.46,123.57,TX
1086,1,2277,3.8,248.42,119.66,TX
1087,12,15545,1.8,143.04,119.66,TX
1088,16,22952,1.3,128.7,119.66,CA
1089,13,47488,2.3,195.5,322.18,CO
1090,14,65200,5.5,378.26,284.02,OK
1091,0,12,0.6,38.4,0,FL
1092,6,12530,1.5,104.39,119.66,LA
1093,8,18082,2.4,167.02,119.66,LA
1094,11,53726,1.3,69.42,119.66,LA
1095,13,31183,2.6,221.22,119.66,VA
1096,14,17798,0,0,0,LA
1097,15,23234,0.8,66.05,119.66,TX
1098,21,53969,4.3,427.31,175.46,CA
1099,11,24427,4,318.74,119.66,KS
1100,5,13372,3.4,221,118.47,AR
1101,13,26016,3.9,301.18,175.46,AZ
1102,1,230,2.3,178.02,212.33,TX
1103,19,45847,1.4,98.24,120.36,TX
1104,6,4999,2.6,177.39,122.38,NY
1105,5,17844,1.7,131.18,261.93,CA
1106,2,1661,5.1,320.97,176.58,FL
1107,0,13,3.7,259.33,119.66,OH
1108,2,1485,1.5,95.79,119.66,FL
1109,12,20908,4,303.4,119.66,TN
1110,10,26922,5,283.69,175.46,MT
1111,18,88350,2.9,190.2,119.66,OK
1112,8,16319,5.4,416.5,119.66,NV
1113,4,20615,3.4,197.51,119.66,LA
1114,17,29223,4.6,335.68,175.46,LA
1115,8,23116,4.9,283.5,175.46,SC
1116,17,65568,2.5,176.67,206.14,FL
1117,6,11000,1,63.47,162.05,TX
1118,13,16371,1.2,92.05,119.66,LA
1119,1,1079,0.8,58.16,128.21,GA
1120,11,15793,1,81.1,126.04,CA
1121,10,15571,2.8,227.09,119.66,CA
1122,12,20837,2.8,173.6,119.66,SC
1123,1,1369,1,81.1,128.21,GA
1124,5,16068,2.3,153.18,119.66,TX
1125,17,39682,3.2,257.3,119.66,TX
1126,0,55,4.8,406.56,147.11,CA
1127,0,66,7.5,658.18,119.66,CA
1128,9,38300,8.2,582.87,121.65,NC
1129,6,9872,0.9,62.82,119.66,OR
1130,14,18122,5.3,453.59,119.66,CA
1131,16,33963,1.9,116.61,128.21,GA
1132,16,43420,0.9,66.6,119.66,LA
1133,15,43717,2.9,160.47,175.46,SC
1134,5,11790,1.2,78.95,119.66,OK
1135,8,16093,1.3,116.18,119.66,CA
1136,2,3461,6.1,520.5,119.66,CA
1137,14,41890,4.9,368.34,175.46,TX
1138,1,289,1.4,123.05,118.36,CA
1139,9,9789,5.7,424.55,119.66,TX
1140,9,4652,1.7,115.65,175.46,MT
1141,4,3412,4.2,239.4,175.46,MN
1142,12,30441,2.6,184.52,192.71,FL
1143,12,20419,5.1,380.04,385.22,WI
1144,20,35864,2.1,176.94,188,GA
1145,8,23590,2.7,193.61,175.46,TX
1146,9,11267,2.3,160.55,175.46,TX
1147,7,15589,4,276.78,119.66,FL
1148,11,12480,1,55.5,119.66,MS
1149,11,48466,4.9,357.86,119.66,AZ
1150,17,27820,1.5,105.32,119.66,TX
1151,12,29774,3.4,227.12,243.65,TX
1152,5,29504,0.7,45.57,119.66,TX
1153,22,52671,2.3,232.06,175.46,TX
1154,10,26178,2.1,131.18,119.66,KY
1155,6,17339,2.7,202.77,119.66,TX
1156,7,22845,3.9,326.85,119.66,CA
1157,2,3844,4.4,263.19,119.66,OK
1158,0,177,2.4,171.78,119.66,TX
1159,10,32462,8.1,604.41,500.69,MS
1160,0,12,0.7,44.8,0,FL
1161,0,166,2.9,208.8,206.14,NM
1162,3,9275,2.6,165.27,119.66,FL
1163,1,2912,3.7,223.11,119.66,TX
1164,5,20028,1.6,93.22,119.66,LA
1165,0,260,0.7,47.55,175.46,TX
1166,3,703,1,65.72,119.66,AL
1167,14,12509,6.3,552.89,119.66,CA
1168,7,5688,7.4,610.89,215.84,CA
1169,0,6,1.3,94.2,118.36,TX
1170,14,21018,7.1,518.55,119.66,AZ
1171,1,435,5.1,395.3,0,CA
1172,9,19028,2.2,160.96,119.66,FL
1173,1,546,2.4,182.4,0,GA
1174,10,24348,5.9,468.36,119.66,SC
1175,3,835,0.8,52.61,166.53,OK
1176,0,5,2.7,179.66,126.81,GA
1177,15,18402,5.3,453.59,119.66,CA
1178,19,25240,2.6,189.1,119.66,MS
1179,11,7188,2.8,187.88,119.66,AL
1180,0,6,1,62.2,119.66,FL
1181,16,35099,6.7,573.4,832.02,CA
1182,12,12005,3.1,252.29,118.47,AZ
1183,18,18854,3.6,286.92,119.66,LA
1184,7,12529,0.8,56.11,119.66,OK
1185,3,2623,3.3,229.4,119.66,FL
1186,0,43,0.8,48.03,128.21,GA
1187,3,814,1.3,92.56,119.66,TX
1188,1,1421,4.1,278.8,119.66,LA
1189,9,22358,2,124.72,119.66,AL
1190,0,225,0.8,57.36,119.66,TX
1191,2,2414,1.6,115.53,119.66,FL
1192,1,138,1.2,74.64,119.66,FL
1193,19,48768,1.5,81,119.66,NC
1194,2,2993,3.4,206.72,119.66,TX
1195,11,19324,1,83.89,119.66,CA
1196,19,52598,1,68.28,119.66,AL
1197,9,24025,0.4,33.03,119.66,CA
1198,12,13587,1.9,154.23,119.66,CA
1199,1,154,1.7,120.2,149.14,SC
1200,1,419,4.1,261.51,119.66,FL
1201,12,18506,0.2,17.76,153.85,NJ
1202,1,1801,2.9,210.59,119.66,TX
1203,9,20628,3.9,286.37,119.66,TX
1204,0,243,6.8,390.29,137.61,SC
1205,0,404,0.6,46,119.66,LA
1206,8,31871,1.9,134.35,119.66,SC
1207,19,54511,2.4,184.7,119.66,AL
1208,12,12618,1.9,127.32,119.66,LA
1209,17,17796,1.6,138.71,404.78,CA
1210,19,17189,1.8,138.07,119.66,CA
1211,11,12410,1.2,97.32,188,GA
1212,6,55137,4,259.27,175.46,PA
1213,17,37402,2.6,228.49,244.71,CA
1214,11,25638,4.1,321.26,119.66,PA
1215,5,16329,2.7,213.3,128.21,GA
1216,19,51560,7.5,506.51,284.02,TX
1217,0,25,1.4,97.98,119.66,TX
1218,1,91,1.7,136.9,119.66,CT
1219,-1,10,1.5,82.18,119.66,TN
1220,1,44,1.1,74.75,142.03,OK
1221,9,8524,1.7,135.75,134.71,CA
1222,1,660,2.4,181.41,119.66,NC
1223,1,438,2,161.05,119.66,CT
1224,6,32019,5,493.82,128.03,NJ
1225,1,1311,2.1,156.27,119.66,FL
1226,23,47287,1.2,107.77,119.66,CA
1227,21,99983,0.6,52.96,121.54,CA
1228,2,1101,1.6,156.19,145.08,NY
1229,1,2500,0.9,62.42,119.66,LA
1230,1,138,6.9,484.5,119.66,TX
1231,1,526,5.5,427.9,119.66,TX
1232,0,94,1.4,113.52,128.21,GA
1233,14,13618,3.4,333.79,134.35,CA
1234,12,41970,5.9,403.02,119.66,VA
1235,1,456,5.4,387.23,119.66,TX
1236,16,51516,6.6,418.2,200.54,PA
1237,1,644,5.6,357.18,119.66,FL
1238,1,237,1.2,69.88,119.66,MS
1239,0,14,2,123.63,119.66,SD
1240,9,73301,3.4,210.8,405.27,SC
1241,14,31689,7,516.97,119.66,IA
1242,15,53069,2.8,222.67,119.66,MI
1243,5,10299,3,278.7,175.46,CA
1244,0,5,1.1,64.6,117.18,NY
1245,1,1930,2.4,159.3,119.66,MD
1246,2,1777,2.4,150.28,175.46,FL
1247,10,34306,6.5,489.64,297.89,FL
1248,1,354,2.4,166.82,119.66,FL
1249,1,632,1.8,179.1,119.66,NY
1250,3,12259,5.3,374.09,460.58,AZ
1251,8,14970,0.8,41.44,128.21,GA
1252,2,2896,3.1,229.4,175.45,TN
1253,0,300,5.3,307.88,119.66,LA
1254,1,633,2,148.4,119.66,FL
1255,6,5954,20.2,1903.43,184.86,NY
1256,18,23642,1.3,94.69,175.46,MN
1257,20,20171,3.5,198.99,119.66,PA
1258,2,98,2.2,170.94,176.26,RI
1259,0,16,1.2,98.03,119.66,NC
1260,2,883,2.2,214.79,119.66,NY
1261,10,27934,6.7,573.4,119.66,CA
1262,15,17894,2.3,182.85,118.47,TX
1263,16,16348,4.3,302.7,119.66,TX
1264,0,334,2.7,209.95,206.14,CA
1265,5,11932,2.9,208.24,175.46,TX
1266,8,47370,12.9,923.41,944.14,MO
1267,14,33466,4.6,326.6,175.46,TX
1268,3,3465,3.8,257.31,119.66,TX
1269,8,10500,2.6,169,118.47,AR
1270,1,401,2.9,214.01,119.66,UT
1271,12,24988,4.3,308.77,119.66,TX
1272,11,17159,2.4,173.35,119.66,WA
1273,14,37567,3.7,314.37,119.66,CA
1274,21,61735,2.9,228.25,290.55,FL
1275,6,12455,3,203.14,141.16,TX
1276,14,32178,4.1,306.78,131,FL
1277,5,15003,3.9,326.84,119.66,CA
1278,0,16,3.8,327.81,119.66,CA
1279,5,1498,3,256,119.66,CA
1280,22,47213,6.3,528.97,175.46,TX
1281,9,14829,4.5,376.9,380.83,CO
1282,12,20510,2.8,186.2,55.8,MI
1283,12,16762,2.8,189.6,287.76,TX
1284,14,10254,4.7,364.29,1428.78,AZ
1285,9,32622,7.4,586.95,57.55,NV
1286,10,6293,3.7,286.01,119.66,UT
1287,19,13643,4,349.67,175.46,CA
1288,6,11702,2,149.14,119.66,FL
1289,2,3744,12.7,912.36,364.38,NM
1290,7,10850,6.7,535.38,261.93,NV
1291,11,28320,2,118.37,119.66,WV
1292,4,7909,4.5,347.07,119.66,NV
1293,15,30478,1.4,77.7,119.66,MS
1294,5,19100,6.3,476.72,867.68,AZ
1295,6,17630,0.7,46.13,123.38,MS
1296,14,45937,8,616.64,309.45,FL
1297,14,19869,1.5,126.21,55.8,CA
1298,14,19843,3.5,286.33,119.66,AZ
1299,11,25552,1.4,108.88,119.66,TX
1300,10,15622,9.8,715.76,471.7,AZ
1301,21,37407,5,406.5,284.02,TX
1302,19,20652,1.1,72.71,119.66,ID
1303,22,35267,2.5,178.75,119.66,FL
1304,6,6509,4.2,328.09,119.66,TX
1305,15,17695,2.6,176.04,119.66,FL
1306,12,16394,3.1,256.88,206.14,CA
1307,12,14168,7.9,698.36,118.47,CA
1308,13,12479,1.9,138.7,146.08,TN
1309,17,22212,6.5,534.3,118.47,WA
1310,1,1241,3.8,239.3,118.36,FL
1311,9,19204,4.6,341.32,119.66,FL
1312,17,17352,5.2,415.51,181.23,NV
1313,19,64627,1.3,103.23,119.66,TX
1314,15,21400,3.2,259.53,0,CA
1315,4,3704,6.6,523.51,175.46,NV
1316,8,14472,4.7,330.86,119.66,TX
1317,11,43203,4.2,312.9,175.46,VA
1318,0,1,1.1,88.96,119.66,MI
1319,12,10594,1.3,103.07,119.66,VA
1320,6,13301,4,250.64,0,TX
1321,22,30227,1.5,136.36,175.46,VA
1322,19,17932,1,75.49,119.66,TX
1323,18,34667,4.6,387.6,119.66,AZ
1324,10,17027,2.2,146.51,119.66,AR
1325,11,17201,1.5,115.95,175.46,CA
1326,21,26466,6.3,493.88,175.46,AZ
1327,12,9600,2.1,173.47,119.66,AZ
1328,10,12607,1.5,93.43,178.07,NC
1329,8,17694,0,0,0,MT
1330,22,38086,5.1,432.96,119.66,CA
1331,3,5175,5.3,396.53,119.66,CA
1332,10,19486,8.2,655.24,317.75,NV
1333,6,5161,5,438.8,206.14,CA
1334,10,24218,4.2,312.5,119.66,TX
1335,1,5094,3.5,287,0,CA
1336,13,26361,1.3,105.42,137.08,AZ
1337,20,94592,2.1,114.8,235.07,PA
1338,4,14542,2.7,218.95,128.21,GA
1339,11,20985,4.9,304.63,206.48,GA
1340,21,19263,8.1,744.06,284.02,CA
1341,20,86083,6.6,503.1,175.46,TX
1342,3,4017,0.7,56.57,126.94,TX
1343,5,10678,0.7,52.37,119.66,FL
1344,4,6064,2.6,192.9,119.66,FL
1345,17,24988,4.4,328.66,234.75,FL
1346,3,3566,3.7,293.99,119.66,OH
1347,3,5136,3.6,279.1,119.66,AZ
1348,6,59525,0.9,37.17,114.53,NA
1349,4,12289,1.5,106.05,175.46,PA
1350,2,900,2.2,153.47,119.66,MA
1351,8,14967,1.7,126.24,128.21,IN
1352,5,10155,3.3,247.86,445.31,PA
1353,12,64176,3.1,240.33,119.66,AZ
1354,3,11995,1.3,83.77,119.66,FL
1355,4,5437,1.2,88.84,119.66,KY
1356,15,62100,6.5,456.37,175.46,MT
1357,0,569,1,75.41,119.66,TX
1358,16,24550,1.8,120.35,119.66,NC
1359,1,1157,4.1,314.95,118.36,NV
1360,15,21504,1.6,119.06,119.66,FL
1361,15,29017,3.3,255.09,119.66,UT
1362,10,9359,4.3,273.34,128.21,GA
1363,5,31338,35.2,2652.37,75.17,TX
1364,0,3,3.1,244.9,0,CO
1365,2,2589,0.2,15.65,119.66,TX
1366,3,3095,8.5,607.75,160.96,GA
1367,4,2863,4.4,317.71,119.66,MD
1368,1,911,1.2,80.46,119.66,AL
1369,12,22492,1,75.04,213.85,FL
1370,7,75106,2.3,209.73,0,TX
1371,14,72079,2,169.27,119.66,AL
1372,8,33858,1.7,143.24,128.21,GA
1373,13,21179,8.7,689.67,175.46,CA
1374,12,37090,0,0,0,PA
1375,0,15,4.2,366.13,167.52,NJ
1376,11,38100,2.2,183.45,120.02,CA
1377,2,1016,0.9,43.41,119.66,ME
1378,9,12333,4.2,372.54,128.21,IL
1379,12,21101,1.4,96.2,119.66,FL
1380,3,20426,1.7,133.45,119.66,KS
1381,-1,122,1.7,142.24,119.66,MA
1382,6,2069,3.5,277.46,119.66,WA
1383,0,177,0.8,58.21,119.66,NC
1384,4,5071,5.5,426.3,175.46,AZ
1385,-1,34473,11.8,933.61,1942.55,CA
1386,19,23081,2.5,174.96,119.66,FL
1387,15,25627,3.5,264.74,239.05,FL
1388,11,26348,2.3,183.28,196.82,KS
1389,2,1309,24.4,1492.31,621.95,TX
1390,10,24130,5.1,364.98,404.78,FL
1391,0,45,2.6,186.43,119.66,TX
1392,16,27665,1.6,86.54,206.48,GA
1393,16,64702,4.3,296.39,322.18,TN
1394,5,8707,3.5,319.56,175.46,CA
1395,0,523,5.2,400.9,119.66,FL
1396,9,23431,5.3,435.22,119.66,WA
1397,17,52756,2.6,188.54,119.66,TX
1398,13,5301,0.8,58.75,119.66,NC
1399,17,11065,2,128.21,119.66,AL
1400,1,587,4.3,297.86,119.66,NC
1401,9,14937,2.6,202.24,119.66,MD
1402,1,203,1.2,94.73,12.64,WA
1403,7,10454,1.8,138.01,119.66,LA
1404,17,43898,0.7,57.92,119.66,UT
1405,10,22321,0.7,61.25,41.08,VA
1406,8,6441,4.1,381.76,214.89,HI
1407,2,116,1.8,144,119.66,OR
1408,1,173,2.4,174.62,119.66,NC
1409,2,347,2.2,160.07,119.66,NC
1410,17,41531,2.8,210,322.18,SD
1411,14,31208,0.7,53.67,133.59,LA
1412,0,290,1.8,149.02,140.66,MD
1413,10,72355,5.3,340.08,281.1,LA
1414,4,1625,4.3,288.55,119.66,TX
1415,0,191,2.2,160.08,119.66,NC
1416,5,9725,1.7,134.47,175.46,VA
1417,13,18526,1.1,99.24,119.66,VA
1418,17,31761,4.6,364.48,0,MD
1419,20,91271,1.5,99.88,128.21,GA
1420,1,119,2.5,193.18,175.46,CA
1421,13,17922,4.7,374.25,119.66,MI
1422,-1,622,1.9,156.91,128.21,GA
1423,5,1,2.9,230.02,38.36,MI
1424,16,23824,5.3,535.92,119.66,NY
1425,17,40363,1.2,92.89,119.66,VA
1426,13,28801,5.3,425.26,121.21,CA
1427,5,11565,4.6,442.98,221.71,NJ
1428,9,13730,7.6,612.48,175.46,CA
1429,6,4720,1.2,104.32,119.66,MA
1430,6,11192,11.1,701.63,311.14,TN
1431,14,23553,3.4,289.37,119.66,CO
1432,14,40719,1.9,107.55,176.44,MO
1433,8,4952,0.4,22.8,119.66,PA
1434,14,34402,2.1,142.31,175.46,TX
1435,12,21559,8.1,598.23,820.86,IA
1436,2,329,2.6,185.64,9.73,CT
1437,19,21192,7.1,498.47,260.67,MT
1438,3,4001,1.6,102.49,138.19,MO
1439,1,1597,0.5,33.05,119.66,KS
1440,22,32750,0.8,69.55,119.66,MA
1441,12,37153,1.6,98.5,119.66,FL
1442,3,5412,3.9,219.57,119.66,KY
1443,20,32387,5.2,378.87,322.18,SC
1444,19,45273,7.8,543.35,944.04,TX
1445,6,10493,9.8,536.58,371.24,NY
1446,13,51313,3.1,190.01,119.66,OK
1447,15,41833,1.7,107.78,206.14,OK
1448,10,29132,4.4,343.71,206.14,TX
1449,19,18423,5.1,524.61,175.46,CA
1450,12,62728,0.2,14.04,119.66,TX
1451,12,12891,5.1,432.96,119.66,CA
1452,16,23584,4.8,407.77,175.46,CA
1453,19,33086,2,151.41,119.66,WY
1454,14,27732,1.7,111.69,119.66,MO
1455,12,13304,6.4,341.01,299.63,AR
1456,8,13785,2.5,203.51,119.66,TX
1457,18,12666,0.7,49.67,119.66,NC
1458,17,11977,5.6,397.37,404.78,NC
1459,5,5065,9,557.57,316.56,NC
1460,-1,56,4.4,279.7,0,GA
1461,16,43186,2.5,175.99,119.66,TX
1462,14,8883,1.9,130.15,175.46,CO
1463,3,10471,6.7,444.77,654.28,OK
1464,20,25541,1.6,114.61,119.66,OK
1465,11,46483,2,132.74,119.66,TX
1466,4,7094,2.4,176.41,126.81,GA
1467,16,27723,1.2,83.98,119.66,FL
1468,1,682,1.3,85.49,119.66,TX
1469,11,14521,7.3,517.99,119.66,NC
1470,14,35720,0,0,0,MA
1471,10,14117,4.3,302.72,0,FL
1472,13,14861,4.8,365.89,119.66,NC
1473,9,33194,3.2,220.38,119.66,TX
1474,1,2286,4.7,355.63,119.66,CT
1475,4,15401,0.2,11.84,128.21,GA
1476,20,38966,6.3,468.44,119.66,FL
1477,13,41072,5.3,393.26,119.66,FL
1478,9,31993,0,0,0,OK
1479,5,16535,2.5,196.46,191.97,PA
1480,9,11152,0.6,54.06,145.56,NJ
1481,2,1579,1.2,64.37,119.66,MO
1482,16,16016,1.7,116.12,119.66,PA
1483,10,23118,3.7,229.89,119.66,TX
1484,12,14099,4.1,247.11,937.07,ME
1485,10,7367,2.1,191.3,153.16,NJ
1486,14,15497,6.6,508.82,119.66,FL
1487,-1,226,1.1,75.9,123.06,PA
1488,0,125,2.5,115.95,119.66,WV
1489,8,30595,0.4,24.86,119.66,PA
1490,16,42067,4.1,318.67,175.46,ME
1491,8,7778,1.3,104,123.36,WI
1492,12,3119,0.9,37.66,188,IL
1493,17,13603,0,0,0,WI
1494,3,8541,3.2,151.11,345.98,GA
1495,3,2327,1.6,134.02,119.66,CO
1496,13,13521,2.8,168,118.47,SC
1497,-1,6,0.8,59.76,119.66,CT
1498,19,49050,1,63.09,177.01,KS
1499,14,12162,2.2,143.44,119.66,MO
1500,6,8123,0.2,12.78,119.66,KS
1501,7,6905,1.8,96.87,119.66,PA
1502,6,3296,1.5,80.8,119.66,MT
1503,17,66301,2.3,167.44,121.54,TX
1504,3,200,1.3,92.9,118.47,WI
1505,4,2188,2.4,202.47,225.6,NJ
1506,2,5103,5.5,374,1.85,FL
1507,13,34379,2,104.93,119.66,MO
1508,0,41,3,177.7,118.36,NY
1509,14,31196,4.3,319.47,175.46,TX
1510,6,5777,5.4,398.61,129.24,OK
1511,17,72173,2.7,174.24,119.66,TX
1512,10,20781,4.6,345.34,219.38,OK
1513,19,32124,3,200.59,348.01,TX
1514,4,1392,3.2,248.83,206.14,CA
1515,7,17610,12.9,1186.8,1859.15,NV
1516,17,16612,5.7,422.94,119.66,FL
1517,1,5,2.4,166.83,119.66,TX
1518,6,17334,1.7,137.86,128.21,GA
1519,17,32384,3.3,236.33,215.84,TN
1520,11,40962,2.1,160.02,136.91,ID
1521,1,411,1.5,87.35,128.21,IN
1522,0,5,4.2,384.36,117.18,CA
1523,6,17212,0.7,52.96,131.03,CT
1524,6,17211,10.3,779.35,1583.62,CT
1525,2,447,0,0,0,VA
1526,1,242,5.3,358.81,119.66,OK
1527,5,21014,1.1,88.95,128.21,GA
1528,3,4748,1.9,136.37,119.66,FL
1529,6,15516,2.3,109.92,119.66,NE
1530,13,27474,1.8,135.18,119.66,FL
1531,11,63333,12.7,844.82,0,FL
1532,16,95227,6.8,551.43,128.21,GA
1533,11,16497,5.9,525.69,122.76,MA
1534,0,22,5.7,445.27,119.66,TX
1535,18,7650,5.9,494.63,119.66,CA
1536,13,15080,0,0,0,NJ
1537,8,22584,10.9,859.52,393.09,TX
1538,8,30490,6,450.2,206.14,FL
1539,15,15743,6.4,447.89,175.46,WA
1540,13,20593,1.7,137.86,128.21,GA
1541,11,35033,1.4,97.7,53.49,KS
1542,5,7632,3.1,264.99,119.66,WA
1543,4,7459,8.2,608.44,119.66,FL
1544,20,55202,5.8,413.34,1212.08,OH
1545,6,12350,0.9,69.54,119.66,WA
1546,0,11327,1.7,136.35,346.24,CA
1547,14,40966,2.5,193.78,201,AZ
1548,10,39482,2.9,167.08,175.46,OK
1549,19,29047,2.6,235.35,0,CA
1550,12,50272,8.7,512.12,2107.07,AL
1551,18,56451,6.5,450.45,965.12,FL
1552,3,10853,6.5,440.92,175.46,PA
1553,8,14746,0.7,55.27,119.66,OR
1554,12,15697,0.2,14.4,119.66,FL
1555,4,7522,1.9,158.77,160.34,NJ
1556,14,22911,7,535.56,180.12,FL
1557,7,16963,1.5,93.24,0,SD
1558,7,19539,1.5,93,175.46,NC
1559,6,20257,3.6,269.7,188,IN
1560,19,42000,2.4,269.19,175.46,CA
1561,18,31241,3.5,251.04,119.66,NC
1562,8,10626,3.3,235.85,287.56,KY
1563,9,19006,1.3,94.51,128.21,GA
1564,10,19350,5.1,370.77,345.2,GA
1565,6,14174,0.9,67.47,0,AZ
1566,12,16678,2.2,154.49,174.27,LA
1567,2,2389,3.4,285.03,338.48,UT
1568,10,NA,2.2,150.85,175.46,FL
1569,8,NA,1.2,111.6,143.48,NY
1570,0,NA,0.7,44.43,0,PA
1571,6,NA,1,46.17,119.66,IA
1572,5,2184,1,74.5,44,VA
1573,13,18846,10.9,716.7,373.12,PA
1574,8,13922,1,73,175.46,MN
1575,1,414,6.3,540.32,284.02,MA
1576,21,83836,1.6,129.88,119.66,CA
1577,0,2,0.6,38.08,0,PA
1578,1,187,NA,139.08,118.47,VA
1579,2,1397,NA,461.17,119.66,VT
1580,8,15755,NA,981.25,1030.24,PA
1581,1,1042,2,153.51,23.13,NV
1582,0,1,0.3,19.04,0,PA
1583,9,14558,2.3,162.63,339.9,NY
1584,5,6794,0.4,28.36,119.66,NC
1585,0,2,0.2,12.69,2.81,PA
1586,0,108,0.7,52.93,132.89,PA
1587,9,30640,4.3,297.54,175.46,FL
1588,9,30735,8.9,615.82,858.49,FL
1589,13,19030,1.8,129.7,119.66,NY
1590,0,167,1,75.14,119.66,CT
1591,2,841,1.8,148.79,119.66,MA
1592,0,5,4.4,338.22,117.18,MI
1593,15,34018,4.1,298.75,119.66,FL
1594,19,63904,4.4,339.97,261.16,TX
1595,20,65651,5,386.33,175.46,TX
1596,7,496,1.4,91.51,119.66,LA
1597,7,14422,0.7,48.66,131.7,FL
1598,9,11229,2.6,176.06,119.66,NA
1599,18,14233,4.4,385.77,153.16,NA
1600,6,14155,2,155.4,119.66,NA
1601,1,405,1.4,136.69,119.66,NY
1602,1,444,1.6,141.76,119.66,NY
1603,17,75587,5,421.29,128.21,GA
1604,19,35645,3,189.9,188,GA
1605,9,16481,1.3,85.33,119.66,PA
1606,12,30104,2.1,220.82,17.76,CA
1607,10,27328,0.6,44.69,175.46,TX
1608,16,56013,4.2,281.4,119.66,TX
1609,5,7131,0.2,9.45,119.66,VT
1610,0,115,3.4,261.57,146.25,NJ
1611,13,32894,0.7,49.1,123.69,TN
1612,12,17432,13.2,982.19,651.81,FL
1613,7,15085,4.6,340.71,119.66,AL
1614,15,31720,10,695.09,192.89,FL
1615,2,6740,3.8,205.14,407,FL
1616,9,47314,5.6,356.69,119.66,FL
1617,12,13073,3.9,273.54,132.86,OK
1618,15,29786,0.7,55.78,126.51,KS
1619,1,147,0.8,78.11,119.66,NY
1620,11,15565,33.9,3234.41,2046.03,HI
1621,0,2,2.1,185.08,0,CA
1622,14,17195,4.5,318.1,371.59,IL
1623,13,28125,3.5,306.53,152.05,NJ
1624,23,33011,1.8,129.04,119.66,PA
